title,videoId,viewCount,likeCount,dislikeCount,commentCount,favoriteCount
The Motivation to succeed | Olympic State of Mind,JnMAoUfHEBE,17393,597,9,28,0
10 Of The Greatest Olympic Moments Ever | Top Moments,btWIF0LignA,16939,448,15,51,0
Men&#39;s High Jump Final | Rio 2016 Replay,zW87tVnDKIU,21489860,101125,6277,2699,0
Top 10 Highest Women&#39;s Pole Vault at the Olympics | Top Moments,22CHOVfOWNI,306492,1630,157,56,0
Men&#39;s 500M Speed Skating Highlights - Vancouver 2010 Winter Olympic Games,SSmwi9IAtEA,12528916,51777,4485,1685,0
Usain Bolt | ALL Olympic finals + Bonus round | Top Moments,FuiJHJz4f5Q,17956415,134698,4714,4372,0
Rio Replay: Men&#39;s 400m Sprint Final,xG91krXuxyw,7788384,47724,1579,3154,0
Impressive Clubs Routine by Yana Kudryavtseva to &quot;Black Gold&quot; | Music Monday,1KP7t2hWDKI,8527,429,10,51,0
Men&#39;s Archery Individual Gold Medal Match | Rio 2016 Replay,rzj4FFi7wt8,16941719,98410,5316,5709,0
Mr. Bean Live Performance at the London 2012 Olympic Games,CwzjlmBLfrQ,57854717,884277,15859,25600,0
Men&#39;s 3m Springboard Final | Rio 2016 Replay,4ysjURAArmg,11250578,48951,3464,1086,0
Mo Farah Wins Men&#39;s 5000m Gold - London 2012 Olympics,C93qwVmBseE,6766442,0,0,2784,0
Usain Bolt Wins Olympic 100m Gold | London 2012 Olympic Games,2O7K-8G2nwU,33418248,126037,6867,9050,0
False starts and missed starts at the Olympics | Strangest Moments,BH6gOzFoYyc,3240675,25273,1418,910,0
Beam Final - Women&#39;s Artistic Gymnastics | London 2012 Replays,VZvoufQy8qc,22384046,0,0,4378,0
Michael Phelps Last Olympic Race - Swimming Men&#39;s 4x100m Medley Relay Final | Rio 2016 Replay,UmIYanq5gH8,16213595,97832,3945,2403,0
Felix Loch (GER) Wins Men&#39;s Luge Gold - Vancouver 2010 Winter Olympics,ZvmiaRwGc1I,3063308,9767,791,196,0
The Highest Ever Olympic High Jumps! | Top Moments,WLlo4u2HHD4,941123,6380,257,245,
If Cute Babies Competed in the Olympic Games | Olympic Channel,x04jgjQ_hLI,26683219,166212,10619,4514,0
Nadia Comaneci&#39;s Perfect Ten In Montreal 1976 | The Olympics On the Record,adlaLvSYjs8,1729519,13110,753,487,0
Pound for Pound - Strongest Weightlifters in Olympic history | Top Moments,Fcpkt96yRsM,516578,5684,207,455,0
Who Can Hold Their Breath The Longest? - Squad Olympics Challenge,j4Gwrycolis,5562746,210191,3332,43662,0
Best Stuck Landings in Women&#39;s Artistic Gymnastics at the Olympics | Top Moments,SLXdnWocnfs,1255991,7992,422,722,0
Men&#39;s 100m Butterfly Final | Rio 2016 Replay,w4E5mqGnzIc,4550937,22896,1025,1054,0
